{"0": {"mean": -0.10438, "max": 3.46244, "min": -4.18135}, "1": {"mean": -0.0039, "max": 0.24003, "min": -0.33881}, "2": {"mean": 0.40926, "max": 0.77934, "min": -0.49569}, "3": {"mean": -0.01654, "max": 0.35144, "min": -0.52761}, "4": {"mean": -0.17694, "max": 1.43674, "min": -0.94428}, "5": {"mean": -0.02035, "max": 2.21576, "min": -2.40977}, "6": {"mean": -0.02023, "max": 2.02922, "min": -0.92826}, "7": {"mean": -0.06946, "max": 4.17357, "min": -3.86082}, "8": {"mean": 0.23544, "max": 1.0, "min": 0.0}, "9": {"mean": 0.56095, "max": 1.25565, "min": -0.94922}, "10": {"mean": -0.00365, "max": 2.01509, "min": -2.16807}, "11": {"mean": -0.51375, "max": 2.17249, "min": -0.98918}, "12": {"mean": -0.07155, "max": 3.79164, "min": -3.61302}, "13": {"mean": 0.4692, "max": 1.0, "min": 0.0}, "14": {"mean": 0.36119, "max": 0.54967, "min": 0.0}, "15": {"mean": 0.3652, "max": 0.55496, "min": 0.0}, "16": {"mean": 0.37792, "max": 0.57862, "min": 0.0}, "17": {"mean": 0.40091, "max": 0.62168, "min": 0.0}, "18": {"mean": 0.43739, "max": 0.68219, "min": 0.0}, "19": {"mean": 0.49345, "max": 0.77532, "min": 0.0}, "20": {"mean": 0.58102, "max": 0.92875, "min": 0.0}, "21": {"mean": 0.726, "max": 1.0, "min": 0.0}, "22": {"mean": 0.93495, "max": 1.0, "min": 0.0}, "23": {"mean": 0.99656, "max": 1.0, "min": 0.0}}